Index,X,Y,Z,Radius,Parent
,,,,,
panda_link5.001,,,,,
CLIP,-4.852582234889269,68.81848722696304,797.8947758674622,0.1,/panda/panda_link5/geometry/panda_link5
1,-4.11826791241765,118.81193518638611,892.2671675682068,0.023693112656474113,/panda/panda_link5/geometry/panda_link5
2,-5.028700456023216,140.5160427093506,1072.2742080688477,0.02290085330605507,/panda/panda_link5/geometry/panda_link5
3,-14.033162966370583,144.78559792041779,1009.4461441040039,0.01986430399119854,/panda/panda_link5/geometry/panda_link5
4,-4.460171330720186,130.3045004606247,957.0692777633667,0.01986430399119854,/panda/panda_link5/geometry/panda_link5
CLIP,4.834706895053387,68.81847977638245,797.8947758674622,0.1,/panda/panda_link5/geometry/panda_link5
