Index,X,Y,Z,NormX,NormY,NormZ,Radius,Parent
0,0.10655373334884644,-0.0066847410053014755,0.05011528730392456,0.1524355411529541,-0.22537212073802948,0.9622737765312195,0.022800954058766365,/World/panda/panda_link6/visuals
1,0.1375340074300766,0.051116377115249634,0.0067003583535552025,0.9721924066543579,0.19992631673812866,0.12194852530956268,0.017527513206005096,/World/panda/panda_link6/visuals
2,0.13071678578853607,0.027119465172290802,0.03132816031575203,0.8120311498641968,0.0630074068903923,0.5802029967308044,0.017527513206005096,/World/panda/panda_link6/visuals
3,0.13840711116790771,-0.008634600788354874,-0.017198074609041214,0.9517934918403625,-0.10975918918848038,-0.28642988204956055,0.02703826129436493,/World/panda/panda_link6/visuals