Index,X,Y,Z,Radius,Parent
0,0.027098242193460464,-0.1388837993144989,-0.006285356357693672,0.01652434468269348,/Root/panda/panda_link1/visuals
1,-0.04082931950688362,-0.13145950436592102,0.009194317273795605,0.01701512187719345,/Root/panda/panda_link1/visuals
2,0.008282543160021305,-0.1301884800195694,0.04282384365797043,0.01652434468269348,/Root/panda/panda_link1/visuals
3,-0.0194401852786541,-0.12872029840946198,-0.04127981513738632,0.01701512187719345,/Root/panda/panda_link1/visuals
