Index,X,Y,Z,Radius,Parent
,,,,,
panda_link5.002,,,,,
CLIP,-14.05295915901661,145.30181884765625,40.267463773489,0.1,/panda/panda_link5/geometry/panda_link5
1,-5.385417025536299,-78.30072194337845,73.45344871282578,0.02259179763495922,/panda/panda_link5/geometry/panda_link5
2,-6.085574626922607,-138.27165961265564,54.98223379254341,0.02259179763495922,/panda/panda_link5/geometry/panda_link5
3,-23.60590361058712,52.531830966472626,68.10606271028519,0.023918194696307182,/panda/panda_link5/geometry/panda_link5
4,-0.592998112551868,-9.775695390999317,69.6479007601738,0.023918194696307182,/panda/panda_link5/geometry/panda_link5
CLIP,-23.788919672369957,145.02088725566864,37.43346408009529,0.1,/panda/panda_link5/geometry/panda_link5
